{
    "mtx": [
        [
            917.93597209,
            0.0,
            346.75568201
        ],
        [
            0.0,
            924.0860437,
            236.02905485
        ],
        [
            0.0,
            0.0,
            1.0
        ]
    ],
    "dist": [
        [
            -1.35933869e-01,
            2.93470965e+00,
            -6.29998712e-03,
            7.63463388e-03,
            -6.67761294e+00
        ]
    ],
    "tvecs": [
        [
            [
                121.25380934840902
            ],
            [
                -207.96325558390265
            ],
            [
                685.7442726638092
            ]
        ],
        [
            [
                110.86146718875109
            ],
            [
                -169.9853317439016
            ],
            [
                713.2261342235663
            ]
        ],
        [
            [
                108.38774787882465
            ],
            [
                -175.88542004095325
            ],
            [
                712.2290915849541
            ]
        ],
        [
            [
                120.57520476019131
            ],
            [
                -173.23548172528868
            ],
            [
                700.1913033261707
            ]
        ],
        [
            [
                154.13160316610566
            ],
            [
                -185.73468981026863
            ],
            [
                691.1935770816767
            ]
        ],
        [
            [
                167.0983523714324
            ],
            [
                -193.43855116793
            ],
            [
                694.6310570293961
            ]
        ],
        [
            [
                167.70868659372184
            ],
            [
                -214.7276819065746
            ],
            [
                786.7496601956915
            ]
        ]
    ],
    "rvecs": [
        [
            [
                0.37067520054508923
            ],
            [
                -0.586037070355198
            ],
            [
                1.22947899643786
            ]
        ],
        [
            [
                0.29572141138362057
            ],
            [
                -0.5885229519759362
            ],
            [
                1.2672925345245223
            ]
        ],
        [
            [
                0.278214255715399
            ],
            [
                -0.5937614232504879
            ],
            [
                1.2484507135089216
            ]
        ],
        [
            [
                0.36514442575274153
            ],
            [
                -0.5496871050781791
            ],
            [
                1.2742955947253545
            ]
        ],
        [
            [
                0.4487339930070253
            ],
            [
                -0.5222223943792015
            ],
            [
                1.2521649659437932
            ]
        ],
        [
            [
                0.4374168384105029
            ],
            [
                -0.5181026629086423
            ],
            [
                1.2355951632120281
            ]
        ],
        [
            [
                0.3928686766061789
            ],
            [
                -0.5520913193105864
            ],
            [
                1.2355740001220679
            ]
        ]
    ]
}