{
    "vars": {
        "num_of_cams": 3
    },
    "cameras": {
        "camera1": {
            "K": [
                [
                    917.93597209,
                    0.0,
                    346.75568201
                ],
                [
                    0.0,
                    924.0860437,
                    236.02905485
                ],
                [
                    0.0,
                    0.0,
                    1.0
                ]
            ],
            "dist": [
                -1.35933869e-01,
                2.93470965e+00,
                -6.29998712e-03,
                7.63463388e-03,
                -6.67761294e+00
            ],
            "pose": {
                "R": [
                    0,
                    0,
                    0
                ],
                "t": [
                    0,
                    0,
                    0
                ]
            }
        },
        "camera2": {
            "K": null,
            "dist": null,
            "pose": {
                "R": [
                    0,
                    0,
                    0
                ],
                "t": [
                    1,
                    1,
                    1
                ]
            }
        },
        "camera3": {
            "K": null,
            "dist": null,
            "pose": {
                "R": [
                    null,
                    null,
                    null
                ],
                "t": [
                    null,
                    null,
                    null
                ]
            }
        }
    }
}